<?xml version="1.0" encoding="UTF-8"?>
<project-private xmlns="http://www.netbeans.org/ns/project-private/1">
    <editor-bookmarks xmlns="http://www.netbeans.org/ns/editor-bookmarks/2" lastBookmarkId="0"/>
    <open-files xmlns="http://www.netbeans.org/ns/projectui-open-files/2">
        <group>
            <file>file:/C:/Users/Ziroo/Documents/NetBeansProjects/NesneProje/src/Uygulama/Eyleyici.java</file>
            <file>file:/C:/Users/Ziroo/Documents/NetBeansProjects/NesneProje/src/Uygulama/Publisher.java</file>
            <file>file:/C:/Users/Ziroo/Documents/NetBeansProjects/NesneProje/src/Uygulama/VeritabaniBaglantisiPostgreSQL.java</file>
            <file>file:/C:/Users/Ziroo/Documents/NetBeansProjects/NesneProje/src/Uygulama/AkilliCihaz.java</file>
            <file>file:/C:/Users/Ziroo/Documents/NetBeansProjects/NesneProje/src/Uygulama/SicaklikAlgilayici.java</file>
            <file>file:/C:/Users/Ziroo/Documents/NetBeansProjects/NesneProje/src/Uygulama/MerkeziIslem.java</file>
            <file>file:/C:/Users/Ziroo/Documents/NetBeansProjects/NesneProje/src/Uygulama/AgArayuzu.java</file>
            <file>file:/C:/Users/Ziroo/Documents/NetBeansProjects/NesneProje/src/Uygulama/KullaniciDogrulaPostgreSQL.java</file>
            <file>file:/C:/Users/Ziroo/Documents/NetBeansProjects/NesneProje/src/Uygulama/Uygulama.java</file>
            <file>file:/C:/Users/Ziroo/Documents/NetBeansProjects/NesneProje/src/Uygulama/IMerkeziIslem.java</file>
            <file>file:/C:/Users/Ziroo/Documents/NetBeansProjects/NesneProje/src/Uygulama/IVeritabaniBaglantisi.java</file>
            <file>file:/C:/Users/Ziroo/Documents/NetBeansProjects/NesneProje/src/Uygulama/ISicaklikAlgilayici.java</file>
            <file>file:/C:/Users/Ziroo/Documents/NetBeansProjects/NesneProje/src/Uygulama/IKullaniciDogrula.java</file>
            <file>file:/C:/Users/Ziroo/Documents/NetBeansProjects/NesneProje/src/Uygulama/IObserver.java</file>
            <file>file:/C:/Users/Ziroo/Documents/NetBeansProjects/NesneProje/src/Uygulama/IEyleyici.java</file>
            <file>file:/C:/Users/Ziroo/Documents/NetBeansProjects/NesneProje/src/Uygulama/IAgArayuzu.java</file>
            <file>file:/C:/Users/Ziroo/Documents/NetBeansProjects/NesneProje/src/Uygulama/ISubject.java</file>
            <file>file:/C:/Users/Ziroo/Documents/NetBeansProjects/NesneProje/src/Uygulama/Kullanici.java</file>
        </group>
    </open-files>
</project-private>
